config,alpha,epsilon,gamma,f_500,f_1000,f_2000,f_4000,f_8000
0,0.2098302729986613,0.21943921987602616,0.9858597919911383,38.166666666666664,43.22,40.626666666666665,61.806666666666665,44.21333333333334
1,0.12362436879527078,0.047088673943824766,0.9975622351636756,11.44,20.74,27.320000000000004,49.54,54.13999999999999
2,0.1920521201812556,0.3930321526384769,0.9128113632675546,46.23333333333333,61.806666666666665,54.13999999999999,53.77333333333333,46.36666666666667
3,0.022446974525094095,0.18539901211629062,0.9926764988848602,23.05333333333333,23.05333333333333,32.08,43.54,60.67333333333334
4,0.08542704033115321,0.411380806635415,0.9443414198827331,47.28,58.99333333333333,54.13999999999999,61.806666666666665,61.39333333333334
5,0.004805251969157461,0.2772923935079174,0.9063817256104175,39.14666666666667,39.14666666666667,39.14666666666667,39.14666666666667,50.60666666666666
6,0.30401395269679965,0.3158321995610324,0.9758087740085374,37.16,59.406666666666666,38.82,33.913333333333334,54.06666666666666
7,0.011576516747459546,0.48534901219745163,0.9893121121322198,57.68000000000001,57.68000000000001,59.61333333333334,61.026666666666664,61.806666666666665
8,0.21634680763066202,0.09731935392598379,0.9466721003727034,36.673333333333325,50.346666666666664,61.51333333333333,54.13999999999999,46.48666666666667
9,0.001353353646221312,0.07714474603377391,0.9683048953242455,12.966666666666667,12.966666666666667,12.966666666666667,12.966666666666667,12.966666666666667
10,0.17150882346504795,0.483754866217105,0.9325825358138152,54.06666666666666,61.806666666666665,53.98,61.099999999999994,52.60666666666666
11,0.012923469377951077,0.23477790563790396,0.9189471359084286,39.15333333333333,39.15333333333333,39.15333333333333,50.61333333333332,59.09333333333333
12,0.002453378279453834,0.23785246311296687,0.9226909349050885,34.8,37.85999999999999,37.85999999999999,37.85999999999999,37.85999999999999
13,0.1021979028708349,0.21857595943616537,0.9832678196057838,37.27333333333333,46.16,61.32,61.73333333333333,60.17333333333334
14,0.1261232943436022,0.15618332069102053,0.9832259801395201,36.599999999999994,44.406666666666666,53.72666666666667,53.72666666666667,54.13999999999999
15,0.25959305683261835,0.19373918951508723,0.9288328103930245,51.56,61.51333333333333,53.57333333333333,37.160000000000004,54.13999999999999
16,0.11155435048867032,0.0698762418046549,0.9199908202475109,9.906666666666666,19.206666666666667,27.726666666666663,52.22666666666666,53.98
17,0.0010521721669668506,0.3934621887510692,0.9664850856592032,16.41333333333333,17.12,31.34,31.34,31.34
18,0.1304656360450818,0.39036451551098394,0.945891577553834,61.026666666666664,61.32,53.72666666666667,61.806666666666665,60.57333333333333
19,0.05084211256775241,0.06989849906382872,0.9114530073535974,9.906666666666666,9.906666666666666,19.206666666666667,27.726666666666663,51.166666666666664
20,0.10120661170730876,0.23554810307156626,0.9565236106481189,35.86,51.873333333333335,53.49333333333333,61.73333333333333,61.806666666666665
21,0.19724071684541353,0.3173591600002954,0.9553579400657995,61.39333333333334,53.82666666666666,46.48666666666667,38.82,46.48666666666667
22,0.047601592505885984,0.1519750490313061,0.9030817834567939,30.713333333333328,30.713333333333328,51.166666666666664,61.026666666666664,61.39333333333334
23,0.020424534522558234,0.1072923364097646,0.9408528643724636,12.966666666666667,12.966666666666667,12.966666666666667,22.26666666666667,36.673333333333325
24,0.3632530084552648,0.11696974293267037,0.9058302741689066,35.50666666666667,52.74666666666666,46.48666666666667,54.13999999999999,43.193333333333335
25,0.006984763022713535,0.1467968788833418,0.9661916514726895,33.79333333333334,33.79333333333334,33.79333333333334,33.79333333333334,46.22
26,0.046891751739810104,0.39194910455320675,0.9664313540327387,43.46,58.03333333333333,61.32,61.73333333333333,61.806666666666665
27,0.016563823126217698,0.40701019233301733,0.9166972919907704,28.233333333333334,28.233333333333334,46.57333333333333,61.026666666666664,61.806666666666665
28,0.0011698662699477448,0.045023930387820876,0.972235935059645,11.44,11.44,11.44,11.44,11.44
29,0.024301422203106174,0.0806358895168009,0.9501044775103363,12.966666666666667,12.966666666666667,12.966666666666667,22.26666666666667,36.673333333333325
30,0.0028637579520267658,0.348160187538868,0.9446156275574031,35.22666666666667,35.22666666666667,35.22666666666667,35.22666666666667,50.346666666666664
31,0.013901564475150454,0.15075604457393826,0.9630282593118888,21.793333333333333,21.793333333333333,21.793333333333333,30.713333333333328,36.599999999999994
32,0.012174127103076254,0.0438249596580505,0.9118005902120515,8.38,8.38,8.38,8.38,8.38
33,0.768586927763715,0.4542903453538035,0.969970713381075,32.800000000000004,6.84,42.64,33.89333333333334,30.526666666666667
34,0.006274944433721239,0.48458818867386194,0.9778750903965795,57.68000000000001,57.68000000000001,57.68000000000001,58.03333333333333,61.026666666666664
35,0.14147202418743066,0.22468075107189434,0.9272241561845159,37.199999999999996,61.73333333333333,61.806666666666665,61.73333333333333,61.73333333333333
36,0.001946134655984507,0.45130119827192083,0.9455776289833611,46.22,46.22,46.22,46.22,57.68000000000001
37,0.004046598296680731,0.15297831207532625,0.9579219568941896,21.793333333333333,21.793333333333333,21.793333333333333,21.793333333333333,30.713333333333328
38,0.0033909262851589184,0.42830714204618775,0.975851952983521,50.61333333333332,50.61333333333332,50.61333333333332,50.61333333333332,50.61333333333332
39,0.1440087457349415,0.21604651988755186,0.9627308840702443,44.14000000000001,61.32,61.806666666666665,61.806666666666665,37.68666666666667
40,0.05653194226354675,0.32492330077741,0.908444432113989,35.93333333333333,59.61333333333334,61.026666666666664,54.06666666666666,61.806666666666665
41,0.01767755538170762,0.02080708693094624,0.9493990819244519,8.38,8.38,8.38,8.38,8.38
42,0.009763007816062846,0.07226209443302345,0.9103402967722551,12.966666666666667,12.966666666666667,12.966666666666667,12.966666666666667,22.26666666666667
43,0.0579340268842185,0.08529648426844305,0.9925120118376797,12.966666666666667,12.966666666666667,36.673333333333325,45.47333333333333,61.026666666666664
44,0.0553583859400274,0.17343490226741853,0.9590915491481417,23.05333333333333,43.54,53.60666666666666,61.099999999999994,61.39333333333334
45,0.001170608337758876,0.47927960662072266,0.94823034369429,57.68000000000001,57.68000000000001,57.68000000000001,57.68000000000001,57.68000000000001
46,0.22294907855177507,0.041364999961219284,0.948665833083816,20.74,21.76,60.453333333333326,61.806666666666665,61.806666666666665
47,0.029656574289180462,0.4689132274874914,0.9571728052376075,46.57333333333333,59.09333333333333,61.32,61.806666666666665,61.806666666666665
48,0.026331051540749363,0.1334878315459468,0.9331568997342552,12.733333333333334,12.733333333333334,33.49333333333333,33.49333333333333,53.60666666666666
49,0.036476839932369616,0.21945573015252334,0.902161207988033,30.78666666666666,36.673333333333325,44.806666666666665,61.026666666666664,61.32
50,0.30121442945455484,0.44808038591988336,0.9140249088998611,46.47333333333333,34.32,61.806666666666665,52.52,61.44
51,0.0459312675449935,0.054287870567721774,0.9672240093039812,8.38,8.38,17.68,17.68,35.78
52,0.006977524201596251,0.3297113173459509,0.9726994614286882,21.713333333333335,21.713333333333335,21.713333333333335,21.713333333333335,50.81333333333333
53,0.20227512384830168,0.05387047297794828,0.9916011845137608,17.68,17.68,38.406666666666666,53.60666666666666,61.51333333333333
54,0.00490503344182684,0.01870627808808989,0.9554852469391484,11.44,11.44,11.44,11.44,11.44
55,0.012964830748893102,0.4148948715662066,0.9808251472064302,30.706666666666667,44.92666666666667,50.81333333333333,52.22666666666666,61.44
56,0.008941629659134288,0.4764496975348725,0.9290917838140119,57.68000000000001,57.68000000000001,57.68000000000001,61.026666666666664,61.73333333333333
57,0.0350890320147388,0.12798254528380137,0.9936043570048964,13.88,13.88,23.180000000000003,44.73333333333333,59.96666666666667
58,0.0031176219661306543,0.022455309696164494,0.9435097060003038,8.38,8.38,8.38,8.38,8.38
59,0.9486951758165578,0.445838633127457,0.9748608019456949,22.100000000000005,35.18,13.853333333333333,35.04666666666666,31.453333333333333
